{
    "history": [
        {
            "Semestre": "2019-1",
            "media_global": 4.907112676056338,
            "aprovacao_rate": 0.5176056338028169,
            "total_matriculas": 41,
            "total_inscricoes": 284,
            "total_classes": 8,
            "risk_students_count": 29,
            "risk_students_com_falta": 24,
            "risk_students_so_nota": 5,
            "media_com_assistencia": 5.673111111111111,
            "media_sem_assistencia": 4.2130872483221475
        },
        {
            "Semestre": "2019-2",
            "media_global": 5.336895161290322,
            "aprovacao_rate": 0.5806451612903225,
            "total_matriculas": 31,
            "total_inscricoes": 248,
            "total_classes": 10,
            "risk_students_count": 21,
            "risk_students_com_falta": 15,
            "risk_students_so_nota": 6,
            "media_com_assistencia": 5.698088235294118,
            "media_sem_assistencia": 4.898303571428571
        },
        {
            "Semestre": "2020-1",
            "media_global": 5.951016260162601,
            "aprovacao_rate": 0.6971544715447154,
            "total_matriculas": 68,
            "total_inscricoes": 492,
            "total_classes": 17,
            "risk_students_count": 31,
            "risk_students_com_falta": 0,
            "risk_students_so_nota": 31,
            "media_com_assistencia": 7.692,
            "media_sem_assistencia": 4.483895131086142
        },
        {
            "Semestre": "2020-2",
            "media_global": 4.834917355371902,
            "aprovacao_rate": 0.6198347107438016,
            "total_matriculas": 60,
            "total_inscricoes": 484,
            "total_classes": 18,
            "risk_students_count": 35,
            "risk_students_com_falta": 0,
            "risk_students_so_nota": 35,
            "media_com_assistencia": 6.340392156862745,
            "media_sem_assistencia": 3.1585152838427946
        },
        {
            "Semestre": "2021-1",
            "media_global": 4.318263473053893,
            "aprovacao_rate": 0.5059880239520957,
            "total_matriculas": 46,
            "total_inscricoes": 334,
            "total_classes": 16,
            "risk_students_count": 31,
            "risk_students_com_falta": 0,
            "risk_students_so_nota": 31,
            "media_com_assistencia": 5.208450704225353,
            "media_sem_assistencia": 2.7512396694214876
        },
        {
            "Semestre": "2021-2",
            "media_global": 4.751434034416826,
            "aprovacao_rate": 0.5009560229445507,
            "total_matriculas": 79,
            "total_inscricoes": 523,
            "total_classes": 23,
            "risk_students_count": 44,
            "risk_students_com_falta": 0,
            "risk_students_so_nota": 44,
            "media_com_assistencia": 5.835191637630662,
            "media_sem_assistencia": 3.4334745762711862
        },
        {
            "Semestre": "2022-1",
            "media_global": 5.0049751243781095,
            "aprovacao_rate": 0.5497512437810945,
            "total_matriculas": 65,
            "total_inscricoes": 402,
            "total_classes": 19,
            "risk_students_count": 41,
            "risk_students_com_falta": 30,
            "risk_students_so_nota": 11,
            "media_com_assistencia": 5.850442477876107,
            "media_sem_assistencia": 3.9193181818181815
        },
        {
            "Semestre": "2022-2",
            "media_global": 4.911382113821138,
            "aprovacao_rate": 0.5869918699186991,
            "total_matriculas": 98,
            "total_inscricoes": 615,
            "total_classes": 28,
            "risk_students_count": 48,
            "risk_students_com_falta": 42,
            "risk_students_so_nota": 6,
            "media_com_assistencia": 5.48875968992248,
            "media_sem_assistencia": 4.4941176470588236
        },
        {
            "Semestre": "2023-1",
            "media_global": 5.339453125,
            "aprovacao_rate": 0.626953125,
            "total_matriculas": 76,
            "total_inscricoes": 512,
            "total_classes": 27,
            "risk_students_count": 40,
            "risk_students_com_falta": 31,
            "risk_students_so_nota": 9,
            "media_com_assistencia": 5.523555555555555,
            "media_sem_assistencia": 5.195121951219512
        },
        {
            "Semestre": "2023-2",
            "media_global": 5.439365671641791,
            "aprovacao_rate": 0.625,
            "total_matriculas": 94,
            "total_inscricoes": 536,
            "total_classes": 29,
            "risk_students_count": 36,
            "risk_students_com_falta": 25,
            "risk_students_so_nota": 11,
            "media_com_assistencia": 6.475806451612903,
            "media_sem_assistencia": 4.888571428571429
        },
        {
            "Semestre": "2024-1",
            "media_global": 5.065285996055228,
            "aprovacao_rate": 0.6429980276134122,
            "total_matriculas": 80,
            "total_inscricoes": 507,
            "total_classes": 29,
            "risk_students_count": 34,
            "risk_students_com_falta": 26,
            "risk_students_so_nota": 8,
            "media_com_assistencia": 6.38698224852071,
            "media_sem_assistencia": 4.404437869822486
        },
        {
            "Semestre": "2024-2",
            "media_global": 5.810902896081772,
            "aprovacao_rate": 0.686541737649063,
            "total_matriculas": 104,
            "total_inscricoes": 587,
            "total_classes": 29,
            "risk_students_count": 36,
            "risk_students_com_falta": 26,
            "risk_students_so_nota": 10,
            "media_com_assistencia": 6.581118881118881,
            "media_sem_assistencia": 5.562837837837838
        },
        {
            "Semestre": "2025-1",
            "media_global": 6.290542635658915,
            "aprovacao_rate": 0.7534883720930232,
            "total_matriculas": 114,
            "total_inscricoes": 645,
            "total_classes": 37,
            "risk_students_count": 39,
            "risk_students_com_falta": 26,
            "risk_students_so_nota": 13,
            "media_com_assistencia": 6.760176991150442,
            "media_sem_assistencia": 6.190789473684211
        },
        {
            "Semestre": "2025-2",
            "media_global": 5.844568690095846,
            "aprovacao_rate": 0.6900958466453675,
            "total_matriculas": 99,
            "total_inscricoes": 626,
            "total_classes": 32,
            "risk_students_count": 43,
            "risk_students_com_falta": 28,
            "risk_students_so_nota": 15,
            "media_com_assistencia": 6.865306122448979,
            "media_sem_assistencia": 5.6551136363636365
        }
    ],
    "plots": {
        "evolucao_media": "hist_media_global.png",
        "evolucao_aprovacao": "hist_aprovacao.png",
        "evolucao_matriculas": "hist_matriculas.png",
        "evolucao_risk_students": "hist_risk_students.png",
        "evolucao_assistencia": "hist_assistencia_impact.png",
        "cohort_performance": "cohort_performance.png",
        "cohort_status": "rel1_cohort_status.png",
        "avg_progress": "rel1_avg_progress.png",
        "risk_summary": "risk_summary.png",
        "final_stages": "rel1_final_stages.png",
        "evolucao_reprov_falta": "rel13_reprov_falta_evolucao.png",
        "workload_failure": "rel13_workload_failure.png",
        "class_discrepancy": "rel13_class_discrepancy.png",
        "plan_status": "rel13_plan_status.png",
        "prof_count": "rel13_prof_count.png",
        "prof_count_year": "rel13_prof_count_year.png",
        "demand_evolution": "sisu_demand_evolution.png",
        "cutoff_evolution": "sisu_cutoff_evolution.png"
    },
    "cr_stats": {
        "global": 0.3808105630154488,
        "by_situation": [
            {
                "situacao": "Conclu\u00eddo",
                "cr": 0.8694520972392716
            },
            {
                "situacao": "Integralizado em fase escolar",
                "cr": 0.7322712455415274
            },
            {
                "situacao": "Em curso",
                "cr": 0.6146005533767464
            },
            {
                "situacao": "Transferido Externamente",
                "cr": 0.47872948324962256
            },
            {
                "situacao": "Transferido Internamente",
                "cr": 0.321515527950311
            },
            {
                "situacao": "Trancado",
                "cr": 0.24682283481753126
            },
            {
                "situacao": "Desligado",
                "cr": 0.17528777980228644
            },
            {
                "situacao": "Evadido",
                "cr": 0.1692147250873053
            }
        ]
    },
    "assist_dropout_stats": [
        {
            "tipo": "Sem Assist\u00eancia",
            "total_alunos": 209,
            "total_evadidos": 130,
            "taxa_evasao": 62.20095693779905
        },
        {
            "tipo": "Com Assist\u00eancia",
            "total_alunos": 61,
            "total_evadidos": 26,
            "taxa_evasao": 42.62295081967213
        }
    ]
}